username,password
1000@SVAutoDRS,1000
1001@SVAutoDRS,1001
1002@SVAutoDRS,1002
1003@SVAutoDRS,1003
1004@SVAutoDRS,1004
1005@SVAutoDRS,1005
1006@SVAutoDRS,1006
1007@SVAutoDRS,1007
1008@SVAutoDRS,1008
1009@SVAutoDRS,1009
1010@SVAutoDRS,1010
1011@SVAutoDRS,1011
1012@SVAutoDRS,1012
1013@SVAutoDRS,1013
1014@SVAutoDRS,1014
1015@SVAutoDRS,1015
1016@SVAutoDRS,1016
1017@SVAutoDRS,1017
1018@SVAutoDRS,1018
1019@SVAutoDRS,1019
1020@SVAutoDRS,1020
1021@SVAutoDRS,1021
1022@SVAutoDRS,1022
1023@SVAutoDRS,1023
1024@SVAutoDRS,1024
1025@SVAutoDRS,1025
1026@SVAutoDRS,1026
1027@SVAutoDRS,1027
1028@SVAutoDRS,1028
1029@SVAutoDRS,1029
1030@SVAutoDRS,1030
1031@SVAutoDRS,1031
1032@SVAutoDRS,1032
1033@SVAutoDRS,1033
1034@SVAutoDRS,1034
1035@SVAutoDRS,1035
1036@SVAutoDRS,1036
1037@SVAutoDRS,1037
1038@SVAutoDRS,1038
1039@SVAutoDRS,1039
1040@SVAutoDRS,1040
1041@SVAutoDRS,1041
1042@SVAutoDRS,1042
1043@SVAutoDRS,1043
1044@SVAutoDRS,1044
1045@SVAutoDRS,1045
1046@SVAutoDRS,1046
1047@SVAutoDRS,1047
1048@SVAutoDRS,1048
1049@SVAutoDRS,1049
1050@SVAutoDRS,1050
1051@SVAutoDRS,1051
1052@SVAutoDRS,1052
1053@SVAutoDRS,1053
1054@SVAutoDRS,1054
1055@SVAutoDRS,1055
1056@SVAutoDRS,1056
1057@SVAutoDRS,1057
1058@SVAutoDRS,1058
1059@SVAutoDRS,1059
1060@SVAutoDRS,1060
1061@SVAutoDRS,1061
1062@SVAutoDRS,1062
1063@SVAutoDRS,1063
1064@SVAutoDRS,1064
1065@SVAutoDRS,1065
1066@SVAutoDRS,1066
1067@SVAutoDRS,1067
1068@SVAutoDRS,1068
1069@SVAutoDRS,1069
1070@SVAutoDRS,1070
1071@SVAutoDRS,1071
1072@SVAutoDRS,1072
1073@SVAutoDRS,1073
1074@SVAutoDRS,1074
1075@SVAutoDRS,1075
1076@SVAutoDRS,1076
1077@SVAutoDRS,1077
1078@SVAutoDRS,1078
1079@SVAutoDRS,1079
1080@SVAutoDRS,1080
1081@SVAutoDRS,1081
1082@SVAutoDRS,1082
1083@SVAutoDRS,1083
1084@SVAutoDRS,1084
1085@SVAutoDRS,1085
1086@SVAutoDRS,1086
1087@SVAutoDRS,1087
1088@SVAutoDRS,1088
1089@SVAutoDRS,1089
1090@SVAutoDRS,1090
1091@SVAutoDRS,1091
1092@SVAutoDRS,1092
1093@SVAutoDRS,1093
1094@SVAutoDRS,1094
1095@SVAutoDRS,1095
1096@SVAutoDRS,1096
1097@SVAutoDRS,1097
1098@SVAutoDRS,1098
1099@SVAutoDRS,1099
