name,domain,username,password
1000,drs-test,1000@drs-test,1000
1001,drs-test,1001@drs-test,1001
1002,drs-test,1002@drs-test,1002
1003,drs-test,1003@drs-test,1003
1004,drs-test,1004@drs-test,1004
1005,drs-test,1005@drs-test,1005
1006,drs-test,1006@drs-test,1006
1007,drs-test,1007@drs-test,1007
1008,drs-test,1008@drs-test,1008
1009,drs-test,1009@drs-test,1009
1010,drs-test,1010@drs-test,1010
1011,drs-test,1011@drs-test,1011
1012,drs-test,1012@drs-test,1012
1013,drs-test,1013@drs-test,1013
1014,drs-test,1014@drs-test,1014
1015,drs-test,1015@drs-test,1015
1016,drs-test,1016@drs-test,1016
1017,drs-test,1017@drs-test,1017
1018,drs-test,1018@drs-test,1018
1019,drs-test,1019@drs-test,1019
1020,drs-test,1020@drs-test,1020
1021,drs-test,1021@drs-test,1021
1022,drs-test,1022@drs-test,1022
1023,drs-test,1023@drs-test,1023
1024,drs-test,1024@drs-test,1024
1025,drs-test,1025@drs-test,1025
1026,drs-test,1026@drs-test,1026
1027,drs-test,1027@drs-test,1027
1028,drs-test,1028@drs-test,1028
1029,drs-test,1029@drs-test,1029
1030,drs-test,1030@drs-test,1030
1031,drs-test,1031@drs-test,1031
1032,drs-test,1032@drs-test,1032
1033,drs-test,1033@drs-test,1033
1034,drs-test,1034@drs-test,1034
1035,drs-test,1035@drs-test,1035
1036,drs-test,1036@drs-test,1036
1037,drs-test,1037@drs-test,1037
1038,drs-test,1038@drs-test,1038
1039,drs-test,1039@drs-test,1039
1040,drs-test,1040@drs-test,1040
1041,drs-test,1041@drs-test,1041
1042,drs-test,1042@drs-test,1042
1043,drs-test,1043@drs-test,1043
1044,drs-test,1044@drs-test,1044
1045,drs-test,1045@drs-test,1045
1046,drs-test,1046@drs-test,1046
1047,drs-test,1047@drs-test,1047
1048,drs-test,1048@drs-test,1048
1049,drs-test,1049@drs-test,1049
1050,drs-test,1050@drs-test,1050
1051,drs-test,1051@drs-test,1051
1052,drs-test,1052@drs-test,1052
1053,drs-test,1053@drs-test,1053
1054,drs-test,1054@drs-test,1054
1055,drs-test,1055@drs-test,1055
1056,drs-test,1056@drs-test,1056
1057,drs-test,1057@drs-test,1057
1058,drs-test,1058@drs-test,1058
1059,drs-test,1059@drs-test,1059
1060,drs-test,1060@drs-test,1060
1061,drs-test,1061@drs-test,1061
1062,drs-test,1062@drs-test,1062
1063,drs-test,1063@drs-test,1063
1064,drs-test,1064@drs-test,1064
1065,drs-test,1065@drs-test,1065
1066,drs-test,1066@drs-test,1066
1067,drs-test,1067@drs-test,1067
1068,drs-test,1068@drs-test,1068
1069,drs-test,1069@drs-test,1069
1070,drs-test,1070@drs-test,1070
1071,drs-test,1071@drs-test,1071
1072,drs-test,1072@drs-test,1072
1073,drs-test,1073@drs-test,1073
1074,drs-test,1074@drs-test,1074
1075,drs-test,1075@drs-test,1075
1076,drs-test,1076@drs-test,1076
1077,drs-test,1077@drs-test,1077
1078,drs-test,1078@drs-test,1078
1079,drs-test,1079@drs-test,1079
1080,drs-test,1080@drs-test,1080
1081,drs-test,1081@drs-test,1081
1082,drs-test,1082@drs-test,1082
1083,drs-test,1083@drs-test,1083
1084,drs-test,1084@drs-test,1084
1085,drs-test,1085@drs-test,1085
1086,drs-test,1086@drs-test,1086
1087,drs-test,1087@drs-test,1087
1088,drs-test,1088@drs-test,1088
1089,drs-test,1089@drs-test,1089
1090,drs-test,1090@drs-test,1090
1091,drs-test,1091@drs-test,1091
1092,drs-test,1092@drs-test,1092
1093,drs-test,1093@drs-test,1093
1094,drs-test,1094@drs-test,1094
1095,drs-test,1095@drs-test,1095
1096,drs-test,1096@drs-test,1096
1097,drs-test,1097@drs-test,1097
1098,drs-test,1098@drs-test,1098
1099,drs-test,1099@drs-test,1099
